{
    "name": "root",
    "gauges": {
        "MoveToGoal.Policy.Entropy.mean": {
            "value": 1.4245007038116455,
            "min": 1.4245007038116455,
            "max": 1.4245007038116455,
            "count": 1
        },
        "MoveToGoal.Policy.Entropy.sum": {
            "value": 73031.3046875,
            "min": 73031.3046875,
            "max": 73031.3046875,
            "count": 1
        },
        "MoveToGoal.Environment.EpisodeLength.mean": {
            "value": 61.96119016817594,
            "min": 61.96119016817594,
            "max": 61.96119016817594,
            "count": 1
        },
        "MoveToGoal.Environment.EpisodeLength.sum": {
            "value": 47896.0,
            "min": 47896.0,
            "max": 47896.0,
            "count": 1
        },
        "MoveToGoal.Step.mean": {
            "value": 49982.0,
            "min": 49982.0,
            "max": 49982.0,
            "count": 1
        },
        "MoveToGoal.Step.sum": {
            "value": 49982.0,
            "min": 49982.0,
            "max": 49982.0,
            "count": 1
        },
        "MoveToGoal.Policy.ExtrinsicValueEstimate.mean": {
            "value": 88.17581176757812,
            "min": 88.17581176757812,
            "max": 88.17581176757812,
            "count": 1
        },
        "MoveToGoal.Policy.ExtrinsicValueEstimate.sum": {
            "value": 104841.0390625,
            "min": 104841.0390625,
            "max": 104841.0390625,
            "count": 1
        },
        "MoveToGoal.Environment.CumulativeReward.mean": {
            "value": -0.3018134715025907,
            "min": -0.3018134715025907,
            "max": -0.3018134715025907,
            "count": 1
        },
        "MoveToGoal.Environment.CumulativeReward.sum": {
            "value": -233.0,
            "min": -233.0,
            "max": -233.0,
            "count": 1
        },
        "MoveToGoal.Policy.ExtrinsicReward.mean": {
            "value": -0.3018134715025907,
            "min": -0.3018134715025907,
            "max": -0.3018134715025907,
            "count": 1
        },
        "MoveToGoal.Policy.ExtrinsicReward.sum": {
            "value": -233.0,
            "min": -233.0,
            "max": -233.0,
            "count": 1
        },
        "MoveToGoal.Losses.PolicyLoss.mean": {
            "value": 0.06491993865153442,
            "min": 0.06491993865153442,
            "max": 0.06491993865153442,
            "count": 1
        },
        "MoveToGoal.Losses.PolicyLoss.sum": {
            "value": 0.2596797546061377,
            "min": 0.2596797546061377,
            "max": 0.2596797546061377,
            "count": 1
        },
        "MoveToGoal.Losses.ValueLoss.mean": {
            "value": 84.12114845911661,
            "min": 84.12114845911661,
            "max": 84.12114845911661,
            "count": 1
        },
        "MoveToGoal.Losses.ValueLoss.sum": {
            "value": 336.48459383646644,
            "min": 336.48459383646644,
            "max": 336.48459383646644,
            "count": 1
        },
        "MoveToGoal.Policy.LearningRate.mean": {
            "value": 0.00028447110517629997,
            "min": 0.00028447110517629997,
            "max": 0.00028447110517629997,
            "count": 1
        },
        "MoveToGoal.Policy.LearningRate.sum": {
            "value": 0.0011378844207051999,
            "min": 0.0011378844207051999,
            "max": 0.0011378844207051999,
            "count": 1
        },
        "MoveToGoal.Policy.Epsilon.mean": {
            "value": 0.19482370000000002,
            "min": 0.19482370000000002,
            "max": 0.19482370000000002,
            "count": 1
        },
        "MoveToGoal.Policy.Epsilon.sum": {
            "value": 0.7792948000000001,
            "min": 0.7792948000000001,
            "max": 0.7792948000000001,
            "count": 1
        },
        "MoveToGoal.Policy.Beta.mean": {
            "value": 0.0047417026300000005,
            "min": 0.0047417026300000005,
            "max": 0.0047417026300000005,
            "count": 1
        },
        "MoveToGoal.Policy.Beta.sum": {
            "value": 0.018966810520000002,
            "min": 0.018966810520000002,
            "max": 0.018966810520000002,
            "count": 1
        },
        "MoveToGoal.IsTraining.mean": {
            "value": 1.0,
            "min": 1.0,
            "max": 1.0,
            "count": 1
        },
        "MoveToGoal.IsTraining.sum": {
            "value": 1.0,
            "min": 1.0,
            "max": 1.0,
            "count": 1
        }
    },
    "metadata": {
        "timer_format_version": "0.1.0",
        "start_time_seconds": "1687721684",
        "python_version": "3.7.9 (tags/v3.7.9:13c94747c7, Aug 17 2020, 18:58:18) [MSC v.1900 64 bit (AMD64)]",
        "command_line_arguments": "C:\\Users\\dorsh\\OneDrive\\Desktop\\degree\\unity\\UnityAdvanced\\Unity-Advanced\\Advanced Unity Eyal Dor Ron On\\venv\\Scripts\\mlagents-learn --force",
        "mlagents_version": "0.29.0",
        "mlagents_envs_version": "0.29.0",
        "communication_protocol_version": "1.5.0",
        "pytorch_version": "1.7.0+cu110",
        "numpy_version": "1.21.2",
        "end_time_seconds": "1687721839"
    },
    "total": 154.85917450000002,
    "count": 1,
    "self": 0.006039100000037934,
    "children": {
        "run_training.setup": {
            "total": 0.07441009999999992,
            "count": 1,
            "self": 0.07441009999999992
        },
        "TrainerController.start_learning": {
            "total": 154.7787253,
            "count": 1,
            "self": 0.07340639999983978,
            "children": {
                "TrainerController._reset_env": {
                    "total": 7.8487449,
                    "count": 1,
                    "self": 7.8487449
                },
                "TrainerController.advance": {
                    "total": 146.76998850000018,
                    "count": 3340,
                    "self": 0.07710250000050678,
                    "children": {
                        "env_step": {
                            "total": 128.32656009999943,
                            "count": 3340,
                            "self": 121.54197579999979,
                            "children": {
                                "SubprocessEnvManager._take_step": {
                                    "total": 6.742391499999506,
                                    "count": 3341,
                                    "self": 0.19396499999954742,
                                    "children": {
                                        "TorchPolicy.evaluate": {
                                            "total": 6.548426499999959,
                                            "count": 2551,
                                            "self": 3.8759517999995445,
                                            "children": {
                                                "TorchPolicy.sample_actions": {
                                                    "total": 2.6724747000004143,
                                                    "count": 2551,
                                                    "self": 2.6724747000004143
                                                }
                                            }
                                        }
                                    }
                                },
                                "workers": {
                                    "total": 0.04219280000012837,
                                    "count": 3339,
                                    "self": 0.0,
                                    "children": {
                                        "worker_root": {
                                            "total": 52.382490500000245,
                                            "count": 3339,
                                            "is_parallel": true,