{
    "name": "root",
    "gauges": {
        "MoveToGoal.Policy.Entropy.mean": {
            "value": 1.4271373748779297,
            "min": 1.4271373748779297,
            "max": 1.4271373748779297,
            "count": 1
        },
        "MoveToGoal.Policy.Entropy.sum": {
            "value": 73286.359375,
            "min": 73286.359375,
            "max": 73286.359375,
            "count": 1
        },
        "MoveToGoal.Environment.EpisodeLength.mean": {
            "value": 28.845460012026457,
            "min": 28.845460012026457,
            "max": 28.845460012026457,
            "count": 1
        },
        "MoveToGoal.Environment.EpisodeLength.sum": {
            "value": 47970.0,
            "min": 47970.0,
            "max": 47970.0,
            "count": 1
        },
        "MoveToGoal.Step.mean": {
            "value": 49953.0,
            "min": 49953.0,
            "max": 49953.0,
            "count": 1
        },
        "MoveToGoal.Step.sum": {
            "value": 49953.0,
            "min": 49953.0,
            "max": 49953.0,
            "count": 1
        },
        "MoveToGoal.Policy.ExtrinsicValueEstimate.mean": {
            "value": 6.645359039306641,
            "min": 6.645359039306641,
            "max": 6.645359039306641,
            "count": 1
        },
        "MoveToGoal.Policy.ExtrinsicValueEstimate.sum": {
            "value": 12081.2626953125,
            "min": 12081.2626953125,
            "max": 12081.2626953125,
            "count": 1
        },
        "MoveToGoal.Environment.CumulativeReward.mean": {
            "value": -0.6740829825616356,
            "min": -0.6740829825616356,
            "max": -0.6740829825616356,
            "count": 1
        },
        "MoveToGoal.Environment.CumulativeReward.sum": {
            "value": -1121.0,
            "min": -1121.0,
            "max": -1121.0,
            "count": 1
        },
        "MoveToGoal.Policy.ExtrinsicReward.mean": {
            "value": -0.6740829825616356,
            "min": -0.6740829825616356,
            "max": -0.6740829825616356,
            "count": 1
        },
        "MoveToGoal.Policy.ExtrinsicReward.sum": {
            "value": -1121.0,
            "min": -1121.0,
            "max": -1121.0,
            "count": 1
        },
        "MoveToGoal.Losses.PolicyLoss.mean": {
            "value": 0.025097306453001997,
            "min": 0.025097306453001997,
            "max": 0.025097306453001997,
            "count": 1
        },
        "MoveToGoal.Losses.PolicyLoss.sum": {
            "value": 0.10038922581200799,
            "min": 0.10038922581200799,
            "max": 0.10038922581200799,
            "count": 1
        },
        "MoveToGoal.Losses.ValueLoss.mean": {
            "value": 11.200500873227915,
            "min": 11.200500873227915,
            "max": 11.200500873227915,
            "count": 1
        },
        "MoveToGoal.Losses.ValueLoss.sum": {
            "value": 44.80200349291166,
            "min": 44.80200349291166,
            "max": 44.80200349291166,
            "count": 1
        },
        "MoveToGoal.Policy.LearningRate.mean": {
            "value": 0.00028461225512925003,
            "min": 0.00028461225512925003,
            "max": 0.00028461225512925003,
            "count": 1
        },
        "MoveToGoal.Policy.LearningRate.sum": {
            "value": 0.0011384490205170001,
            "min": 0.0011384490205170001,
            "max": 0.0011384490205170001,
            "count": 1
        },
        "MoveToGoal.Policy.Epsilon.mean": {
            "value": 0.19487074999999998,
            "min": 0.19487074999999998,
            "max": 0.19487074999999998,
            "count": 1
        },
        "MoveToGoal.Policy.Epsilon.sum": {
            "value": 0.7794829999999999,
            "min": 0.7794829999999999,
            "max": 0.7794829999999999,
            "count": 1
        },
        "MoveToGoal.Policy.Beta.mean": {
            "value": 0.004744050425,
            "min": 0.004744050425,
            "max": 0.004744050425,
            "count": 1
        },
        "MoveToGoal.Policy.Beta.sum": {
            "value": 0.0189762017,
            "min": 0.0189762017,
            "max": 0.0189762017,
            "count": 1
        },
        "MoveToGoal.IsTraining.mean": {
            "value": 1.0,
            "min": 1.0,
            "max": 1.0,
            "count": 1
        },
        "MoveToGoal.IsTraining.sum": {
            "value": 1.0,
            "min": 1.0,
            "max": 1.0,
            "count": 1
        }
    },
    "metadata": {
        "timer_format_version": "0.1.0",
        "start_time_seconds": "1688034218",
        "python_version": "3.7.9 (tags/v3.7.9:13c94747c7, Aug 17 2020, 18:58:18) [MSC v.1900 64 bit (AMD64)]",
        "command_line_arguments": "C:\\Users\\dorsh\\OneDrive\\Desktop\\degree\\unity\\UnityAdvanced\\Unity-Advanced\\Advanced Unity Eyal Dor Ron On\\venv\\Scripts\\mlagents-learn --force",
        "mlagents_version": "0.29.0",
        "mlagents_envs_version": "0.29.0",
        "communication_protocol_version": "1.5.0",
        "pytorch_version": "1.7.0+cu110",
        "numpy_version": "1.21.2",
        "end_time_seconds": "1688034381"
    },
    "total": 162.994981,
    "count": 1,
    "self": 0.005821600000018634,
    "children": {
        "run_training.setup": {
            "total": 0.07423530000000012,
            "count": 1,
            "self": 0.07423530000000012
        },
        "TrainerController.start_learning": {
            "total": 162.91492409999998,
            "count": 1,
            "self": 0.08146280000008232,
            "children": {
                "TrainerController._reset_env": {
                    "total": 14.6382007,
                    "count": 1,
                    "self": 14.6382007
                },
                "TrainerController.advance": {
                    "total": 148.1171533999999,
                    "count": 3676,
                    "self": 0.08185589999985154,
                    "children": {
                        "env_step": {
                            "total": 130.78106980000013,
                            "count": 3676,
                            "self": 125.55019610000011,
                            "children": {
                                "SubprocessEnvManager._take_step": {
                                    "total": 5.1848729999999055,
                                    "count": 3677,
                                    "self": 0.1696709999998891,
                                    "children": {
                                        "TorchPolicy.evaluate": {
                                            "total": 5.015202000000016,
                                            "count": 2208,
                                            "self": 2.7921990999997828,
                                            "children": {
                                                "TorchPolicy.sample_actions": {
                                                    "total": 2.2230029000002336,
                                                    "count": 2208,
                                                    "self": 2.2230029000002336
                                                }
                                            }
                                        }
                                    }
                                },
                                "workers": {
                                    "total": 0.046000700000114136,
                                    "count": 3675,
                                    "self": 0.0,
                                    "children": {
                                        "worker_root": {
                                            "total": 44.159625300000116,
                                            "count": 3675,
                                            "is_parallel": true,