{
    "name": "root",
    "gauges": {
        "MoveToGoal.Policy.Entropy.mean": {
            "value": 1.4184917211532593,
            "min": 1.4184917211532593,
            "max": 1.432395100593567,
            "count": 8
        },
        "MoveToGoal.Policy.Entropy.sum": {
            "value": 71055.0859375,
            "min": 70989.3515625,
            "max": 72082.15625,
            "count": 8
        },
        "MoveToGoal.Environment.EpisodeLength.mean": {
            "value": 73.18276374442793,
            "min": 64.44385733157199,
            "max": 128.77377892030847,
            "count": 8
        },
        "MoveToGoal.Environment.EpisodeLength.sum": {
            "value": 49252.0,
            "min": 48784.0,
            "max": 50093.0,
            "count": 8
        },
        "MoveToGoal.Step.mean": {
            "value": 399989.0,
            "min": 49989.0,
            "max": 399989.0,
            "count": 8
        },
        "MoveToGoal.Step.sum": {
            "value": 399989.0,
            "min": 49989.0,
            "max": 399989.0,
            "count": 8
        },
        "MoveToGoal.Policy.ExtrinsicValueEstimate.mean": {
            "value": 0.15363813936710358,
            "min": -0.3462219536304474,
            "max": 8.253569602966309,
            "count": 8
        },
        "MoveToGoal.Policy.ExtrinsicValueEstimate.sum": {
            "value": 180.52481079101562,
            "min": -354.5312805175781,
            "max": 8922.1083984375,
            "count": 8
        },
        "MoveToGoal.Environment.CumulativeReward.mean": {
            "value": 0.5304606240713224,
            "min": -0.9749009247027741,
            "max": 0.5304606240713224,
            "count": 8
        },
        "MoveToGoal.Environment.CumulativeReward.sum": {
            "value": 357.0,
            "min": -738.0,
            "max": 357.0,
            "count": 8
        },
        "MoveToGoal.Policy.ExtrinsicReward.mean": {
            "value": 0.5304606240713224,
            "min": -0.9749009247027741,
            "max": 0.5304606240713224,
            "count": 8
        },
        "MoveToGoal.Policy.ExtrinsicReward.sum": {
            "value": 357.0,
            "min": -738.0,
            "max": 357.0,
            "count": 8
        },
        "MoveToGoal.Losses.PolicyLoss.mean": {
            "value": 0.025567349845853946,
            "min": 0.020884682141865292,
            "max": 0.025567349845853946,
            "count": 8
        },
        "MoveToGoal.Losses.PolicyLoss.sum": {
            "value": 0.10226939938341578,
            "min": 0.09514634066727012,
            "max": 0.12234318292078872,
            "count": 8
        },
        "MoveToGoal.Losses.ValueLoss.mean": {
            "value": 0.012302747031208127,
            "min": 0.011464410269012053,
            "max": 11.848268693685533,
            "count": 8
        },
        "MoveToGoal.Losses.ValueLoss.sum": {
            "value": 0.04921098812483251,
            "min": 0.04921098812483251,
            "max": 47.39307477474213,
            "count": 8
        },
        "MoveToGoal.Policy.LearningRate.mean": {
            "value": 7.494862501714999e-05,
            "min": 7.494862501714999e-05,
            "max": 0.00028458030513989994,
            "count": 8
        },
        "MoveToGoal.Policy.LearningRate.sum": {
            "value": 0.00029979450006859996,
            "min": 0.00029979450006859996,
            "max": 0.001284294071902,
            "count": 8
        },
        "MoveToGoal.Policy.Epsilon.mean": {
            "value": 0.12498285000000003,
            "min": 0.12498285000000003,
            "max": 0.19486010000000004,
            "count": 8
        },
        "MoveToGoal.Policy.Epsilon.sum": {
            "value": 0.49993140000000014,
            "min": 0.49993140000000014,
            "max": 0.9280979999999999,
            "count": 8
        },
        "MoveToGoal.Policy.Beta.mean": {
            "value": 0.001256644215,
            "min": 0.001256644215,
            "max": 0.004743518989999999,
            "count": 8
        },
        "MoveToGoal.Policy.Beta.sum": {
            "value": 0.00502657686,
            "min": 0.00502657686,
            "max": 0.021412090200000004,
            "count": 8
        },
        "MoveToGoal.IsTraining.mean": {
            "value": 1.0,
            "min": 1.0,
            "max": 1.0,
            "count": 8
        },
        "MoveToGoal.IsTraining.sum": {
            "value": 1.0,
            "min": 1.0,
            "max": 1.0,
            "count": 8
        }
    },
    "metadata": {
        "timer_format_version": "0.1.0",
        "start_time_seconds": "1687722707",
        "python_version": "3.7.9 (tags/v3.7.9:13c94747c7, Aug 17 2020, 18:58:18) [MSC v.1900 64 bit (AMD64)]",
        "command_line_arguments": "C:\\Users\\dorsh\\OneDrive\\Desktop\\degree\\unity\\UnityAdvanced\\Unity-Advanced\\Advanced Unity Eyal Dor Ron On\\venv\\Scripts\\mlagents-learn --run-id=MoveToGoal",
        "mlagents_version": "0.29.0",
        "mlagents_envs_version": "0.29.0",
        "communication_protocol_version": "1.5.0",
        "pytorch_version": "1.7.0+cu110",
        "numpy_version": "1.21.2",
        "end_time_seconds": "1687723085"
    },
    "total": 378.0480298,
    "count": 1,
    "self": 0.005708900000001904,
    "children": {
        "run_training.setup": {
            "total": 0.0781086000000002,
            "count": 1,
            "self": 0.0781086000000002
        },
        "TrainerController.start_learning": {
            "total": 377.9642123,
            "count": 1,
            "self": 0.4188290000011534,
            "children": {
                "TrainerController._reset_env": {
                    "total": 12.615313500000001,
                    "count": 1,
                    "self": 12.615313500000001
                },
                "TrainerController.advance": {
                    "total": 364.8574902999988,
                    "count": 19130,
                    "self": 0.43162929999715516,
                    "children": {
                        "env_step": {
                            "total": 244.99067720000176,
                            "count": 19130,
                            "self": 206.27179279999677,
                            "children": {
                                "SubprocessEnvManager._take_step": {
                                    "total": 38.472079900001745,
                                    "count": 19130,
                                    "self": 1.1637815999992043,
                                    "children": {
                                        "TorchPolicy.evaluate": {
                                            "total": 37.30829830000254,
                                            "count": 15441,
                                            "self": 23.75035330000339,
                                            "children": {
                                                "TorchPolicy.sample_actions": {
                                                    "total": 13.557944999999153,
                                                    "count": 15441,
                                                    "self": 13.557944999999153
                                                }
                                            }
                                        }
                                    }
                                },
                                "workers": {
                                    "total": 0.24680450000324683,
                                    "count": 19129,
                                    "self": 0.0,
                                    "children": {
                                        "worker_root": {
                                            "total": 303.20789430000156,
                                            "count": 19129,
                                            "is_parallel": true,